{"Crop_enc": 2.0, "Soil_Type_enc": 3.0, "Variety_enc": 7.0, "Nitrogen": 78.3714728991638, "Phosphorus": 47.2680148681357, "Potassium": 55.4454952423971, "pH": 6.4727129375931, "Temperature": 27.1952158837191, "Humidity": 64.2289380513033, "Rainfall": 213.034916936939, "Fertilizer": 8231848.3, "Pesticide": 15660.54}